aspect_ratio,shoulder_hip_gap_norm,hip_knee_gap_norm,knee_ankle_gap_norm,shoulder_ankle_gap_norm,head_hip_gap_norm,shoulder_width_norm,hip_width_norm,mean_keypoint_conf,visible_keypoint_frac,label,source_image
0.26237490383460527,0.3110824733901834,0.18935574866179983,0.18597332363834615,0.6864115456903294,0.4361932461866567,0.42528579205225897,0.3286237442470428,1.2941176470588236,0.6470588235294118,0,coco_val2017/000000395801.jpg
0.35322646913462624,0.32770827502843275,0.031377464436492045,0.26844270836434664,0.6275284478292714,0.45495611501795286,0.4741194022302574,0.25023389890510067,1.8823529411764706,0.9411764705882353,0,coco_val2017/000000133969.jpg
0.3373340876452413,0.22824317855433293,0.26881718090430334,0.28403324774794375,0.78109360720658,0.27896557726619997,0.46360751328757926,0.22173486764022904,1.4705882352941178,0.8235294117647058,0,coco_val2017/000000121242.jpg
0.4512911970675803,0.3010996573745864,0.017370541121216363,0.3300526148313143,0.648522813327117,0.4111184290045116,0.29036965778096047,0.0,0.9411764705882353,0.47058823529411764,0,coco_val2017/000000119445.jpg
0.561134688078561,0.3479426693216826,0.16965846728036293,0.19553751191628593,0.7131386485183315,0.4945948830823706,0.5210720681127955,0.3524955232104321,1.8823529411764706,0.9411764705882353,0,coco_val2017/000000156292.jpg
0.41333331700788883,0.28818041901702046,0.23369853352613676,0.1720477372321759,0.6939266897753331,0.40144553648063414,0.2684535129658924,0.10645539697492135,1.6470588235294117,0.8235294117647058,0,coco_val2017/000000153669.jpg
1.6928710152074942,0.18329029134965974,0.04005088777089998,0.2802625295858399,0.42350193316459966,0.3394521382989818,0.10154176293812729,0.06019749798494656,1.8823529411764706,0.9411764705882353,1,simuletic/laying41.png
0.27213642099726115,0.29979035109237445,0.21668188243981762,0.2226185629060525,0.7390907964382446,0.39972131110228787,0.29040321906160266,0.14520160953080133,1.2941176470588236,0.7647058823529411,0,coco_val2017/000000391290.jpg
0.5093521053800044,0.62632280026641,0.0,0.0,0.0,0.9218252793606153,0.8796651108730011,0.510796723752792,0.8235294117647058,0.5294117647058824,0,coco_val2017/000000189775.jpg
0.9274003913871945,0.4735098911749192,0.0,0.0,0.0,0.6220404738386678,0.5561280875496128,0.39478247466378946,0.8235294117647058,0.4117647058823529,0,coco_val2017/000000462031.jpg
1.748713291920882,0.2942630514353378,0.14905442470479513,0.27044525466644825,0.41565388139699094,0.5118468179110064,0.0688252932001386,0.014568511142344587,1.6470588235294117,0.8235294117647058,1,simuletic/laying104.png
0.15976241115489237,0.18103509512328614,0.3229282010354294,0.25442815298281385,0.7583914491415295,0.0,0.0,0.0,0.7058823529411765,0.35294117647058826,0,coco_val2017/000000157767.jpg
0.5687706784686117,0.37072764338265124,0.07836453305451735,0.31948800947211126,0.6118511198002452,0.488274442964427,0.26231186992688843,0.17050271545247758,0.8823529411764706,0.5294117647058824,0,coco_val2017/000000501005.jpg
0.9612551633355838,0.22702025013075677,0.2333837793499971,0.25871821113376614,0.71912224061452,0.3316304351299946,0.1966693420873805,0.1649517986623439,2.0,1.0,1,simuletic/laying92.png
0.30712757284753955,0.0,0.3288329692750662,0.32710375437872247,0.0,0.0,0.0,0.17375307018392092,0.9411764705882353,0.47058823529411764,0,coco_val2017/000000279278.jpg
0.39865652265797175,0.28369109078283977,0.21714820517465183,0.2171482051746525,0.7179875011321442,0.40510722659984544,0.13015820124652633,0.10649238528705703,1.7058823529411764,0.8823529411764706,0,coco_val2017/000000502336.jpg
0.5659329839125034,0.6002817584148817,0.0,0.0,0.0,0.8033182355257975,0.5018803784847232,0.35550529316505847,1.2941176470588236,0.7058823529411765,0,coco_val2017/000000236426.jpg
0.35404563665660155,0.28067321944729656,0.21607474648937838,0.19379826570835898,0.6905462316450339,0.40838759716404666,0.10051086321409643,0.13400912370609014,1.5294117647058822,0.8235294117647058,0,coco_val2017/000000391290.jpg
0.5117816299382302,0.31998984253348867,0.03320640796922845,0.2535783156136245,0.6067745661163416,0.47545708599300857,0.2833524753672248,0.1967700336496807,1.8235294117647058,0.9411764705882353,0,coco_val2017/000000054593.jpg
0.3330756051975792,0.29985231621573516,0.18251880117479527,0.1752757598344607,0.6576468772249912,0.4046315507446304,0.06523155029309141,0.07828287045541861,1.7058823529411764,0.8823529411764706,0,coco_val2017/000000406997.jpg
0.5410148152644624,0.5745935844002537,0.0,0.0,0.0,0.823584309845803,0.678878276210279,0.41404088414408513,1.1176470588235294,0.5882352941176471,0,coco_val2017/000000412362.jpg
0.20083378647815842,0.29154804934480566,0.20824403714721365,0.21519048076000377,0.7149825672520231,0.0,0.41476428116372904,0.24885856869823728,1.411764705882353,0.7058823529411765,0,coco_val2017/000000309391.jpg
1.730463984061273,0.13490972536047444,0.10332490524716306,0.20063827540817855,0.4388729060158161,0.2679717974575286,0.11137107067885861,0.060819142264996795,2.0,1.0,1,simuletic/laying78.png
0.3213890516175227,0.2803779488753127,0.11160743344398877,0.22049264931514503,0.6124780316344465,0.39198480114560963,0.033902350813743196,0.21474141048824547,1.8823529411764706,0.9411764705882353,0,coco_val2017/000000291619.jpg
0.5250826966646255,0.31475117738209935,0.0,0.0,0.0,0.42994386441202775,0.20566841907128697,0.1892123129898199,1.4705882352941178,0.7647058823529411,0,coco_val2017/000000568584.jpg
0.21742827522743421,0.32154349497373313,0.20172264674020646,0.21689026663094504,0.7401564083448846,0.4226578061480042,0.34530027858137813,0.31390630022500804,1.7647058823529411,0.8823529411764706,0,coco_val2017/000000253835.jpg
0.385749202759704,0.19027468398139427,0.21141593938942577,0.25898630303933046,0.6606769264101505,0.30391161183594345,0.4387966440832661,0.3199529609997543,1.7647058823529411,0.9411764705882353,0,coco_val2017/000000054593.jpg
0.43360639831589043,0.4625748913649761,0.0,0.0,0.0,0.6813123375046609,0.347808360728336,0.2782480944559386,1.4705882352941178,0.7647058823529411,0,coco_val2017/000000280930.jpg
0.5735892915029372,0.5682722032906649,0.0,0.0,0.0,0.8318218834747272,0.667677505617048,0.4307552345376101,1.0588235294117647,0.5882352941176471,0,coco_val2017/000000189775.jpg
1.2626912275768416,0.1145381733641718,0.1730022965260921,0.22055467050279137,0.5080951403930553,0.2182456944548362,0.16565651992298128,0.10437975426179737,2.0,1.0,1,simuletic/laying77.png
0.22687810980370027,0.0,0.2603593498687886,0.22747185304325745,0.0,0.0,0.0,0.1781331619750426,0.8823529411764706,0.47058823529411764,0,coco_val2017/000000279278.jpg
2.1902321345487827,0.11384682645414879,0.5175507656282834,0.20938202727288865,0.1943219119012459,0.36920226119502497,0.0021764045999578346,0.006997047014881978,1.7647058823529411,0.8823529411764706,1,simuletic/laying87.png
0.4732235916949293,0.4003584525877519,0.0,0.0,0.0,0.6044150329500647,0.36416818160630215,0.23670349135319066,1.5294117647058822,0.7647058823529411,0,coco_val2017/000000026941.jpg
1.513904006667256,1.114824542573207,0.0,0.0,0.0,0.0,0.3805552728904518,0.31278348761287367,0.8235294117647058,0.47058823529411764,0,coco_val2017/000000160012.jpg
0.3837012246464086,0.012422327147927497,0.29813585155025957,0.34782516014196946,0.6335386845443015,0.0,0.0,0.0,0.5294117647058824,0.35294117647058826,0,coco_val2017/000000279278.jpg
0.32795102087689665,0.3362003378200558,0.15246163636972634,0.30883499930617686,0.797496973495959,0.0,0.0,0.0,0.5882352941176471,0.29411764705882354,0,coco_val2017/000000054605.jpg
0.5199329328840487,0.535375733207447,0.0,0.0,0.0,0.7283076405506449,0.5009392611145891,0.2713420997704031,1.1176470588235294,0.6470588235294118,0,coco_val2017/000000097337.jpg
1.2644937782247616,0.20532247137074947,0.08580271174115142,0.3093753405963071,0.42889510022590516,0.37642574248163413,0.1392858724997832,0.06832931380463655,1.8823529411764706,0.9411764705882353,1,simuletic/laying108.png
2.222904951853627,0.18012811451700206,0.19089476750800716,0.04615363399102922,0.41717651601603845,0.24925472241280067,0.07543982433780619,0.045683492429938105,2.0,1.0,1,simuletic/laying59.png
1.4520661476842507,0.15368404419305112,0.16880042825723815,0.29728727418137735,0.6197717466316666,0.2032313857518472,0.16412785907341482,0.16412785907341482,1.7647058823529411,0.8823529411764706,0,coco_val2017/000000015597.jpg
1.1036156876639756,0.20101506677127357,0.2586827963792507,0.2455035895359334,0.7052014526864577,0.21913884881768872,0.06280313251262216,0.16149295031779942,1.8823529411764706,0.9411764705882353,0,coco_val2017/000000209757.jpg
1.2452221478190362,0.15610890888542397,0.16695162543806913,0.21280658050017406,0.5358671148236671,0.29859727727786434,0.15566391748404781,0.10595506590222689,2.0,1.0,1,simuletic/laying73.png
1.7615536905973186,0.17637076456637538,0.11749833070235816,0.22035266601328704,0.5142217612820206,0.31767706712353355,0.12968574849739906,0.08454427984384577,2.0,1.0,1,simuletic/laying82.png
0.6475867229414153,0.19757131748446002,0.0057256948350148835,0.32928552914076675,0.5211311517902119,0.3541021715988583,0.011800111770658702,0.023600223541317404,1.6470588235294117,0.8823529411764706,0,coco_val2017/000000089648.jpg
1.1783310193749612,0.1584424964383652,0.1574199233998715,0.22094716580938809,0.5368095856476248,0.2654676592983402,0.121397681666555,0.08774546424592795,2.0,1.0,1,simuletic/laying19.png
1.557783823964406,0.180545909365953,0.14505482831371913,0.21143489519744965,0.5370356328771217,0.3090982660266321,0.13080101256185714,0.08562005350747653,2.0,1.0,1,simuletic/laying109.png
0.3188205082024736,0.34543080453488223,0.014544912541105246,0.3454292519182576,0.6763151439120346,0.4654216751491286,0.5174244195106745,0.3500175315568022,1.7647058823529411,0.9411764705882353,0,coco_val2017/000000133969.jpg
0.15832056747784135,0.287972991792416,0.19634522167664725,0.17801966765349336,0.6623378811225566,0.0,0.1108336643777309,0.22168151637251046,1.0,0.5294117647058824,0,coco_val2017/000000279278.jpg
1.2912765101162238,0.15482753153710838,0.17847894351054897,0.26063972903970833,0.5939462040873656,0.28229877207450393,0.21226420133089155,0.14479099333303633,2.0,1.0,1,simuletic/laying111.png
0.21569690620706355,0.3558572549102184,0.28836708587552184,0.267917274247521,0.9121416150332612,0.0,0.0,0.2542262573013781,1.2941176470588236,0.6470588235294118,0,coco_val2017/000000279278.jpg
0.5810703766973209,0.3049017451542327,0.20800459068336033,0.15503561252383394,0.667941948361427,0.4170437388271597,0.432822483102099,0.24309356101031684,2.0,1.0,0,coco_val2017/000000372577.jpg
0.5029546946815496,0.70119238345371,0.0,0.0,0.0,0.9410741956664479,0.587467362924281,0.40795822454308134,0.9411764705882353,0.5882352941176471,0,coco_val2017/000000133969.jpg
0.33534640565991064,0.29738938272012144,0.04248231277932617,0.29738938272012144,0.6372610782195691,0.40746244042416346,0.4917774805256111,0.36883311039420863,1.7647058823529411,0.8823529411764706,0,coco_val2017/000000054593.jpg
1.5548884319716658,0.15666605609451245,0.17714805985256687,0.22465469739047417,0.5584688133375535,0.26715922541877174,0.10196866303088573,0.07352366849192447,1.8823529411764706,0.9411764705882353,1,simuletic/laying33.png
0.49112148096020547,0.4270161138800734,0.24019741808976913,0.0,0.0,0.579673862172863,0.39669461727605027,0.2662773753090971,1.5294117647058822,0.8235294117647058,0,coco_val2017/000000203389.jpg
0.19963919250023587,0.2590980956111283,0.19953626801535868,0.18464366685631456,0.6432780304828015,0.3633334381638272,0.46989746233602575,0.268531248209887,1.6470588235294117,0.8235294117647058,0,coco_val2017/000000189775.jpg
0.24046615187834575,0.285525067442733,0.23593433312036746,0.19385736582193072,0.7153167663850312,0.40774994995943414,0.4658914233382318,0.34941856750367384,1.4705882352941178,0.7647058823529411,0,coco_val2017/000000447465.jpg
0.23243007996905204,0.3477475081449959,0.27187664335495254,0.0,0.0,0.48263509007348115,0.16253608301042918,0.08126804150521531,1.2352941176470589,0.6470588235294118,0,coco_val2017/000000546964.jpg
0.6523484213551684,0.40825389360201136,0.02826466645362156,0.41767410917963543,0.7976633363280252,0.5866292028692767,0.5764817884365354,0.29464775367096574,1.8823529411764706,1.0,0,coco_val2017/000000314177.jpg
0.4855863041403769,0.6003973736309124,0.0,0.0,0.0,0.8714125991653723,0.6645254960622996,0.5041136873597609,1.0,0.5882352941176471,0,coco_val2017/000000203629.jpg
0.7387644680119466,0.984958666882639,0.0,0.0,0.0,0.0,0.5589627994106989,0.3666321753747561,0.5882352941176471,0.35294117647058826,0,coco_val2017/000000260470.jpg
0.32286855933356234,0.3030960851630932,0.1759048117516585,0.09201100276913782,0.5710118996838895,0.3721037608165843,0.2789525176568045,0.1562154094450513,1.8823529411764706,0.9411764705882353,0,coco_val2017/000000521717.jpg
0.6051440783019371,0.7052098622719426,0.0,0.0,0.0,0.9009285806633155,0.24128451320204597,0.18994985610335427,1.1176470588235294,0.6470588235294118,0,coco_val2017/000000245311.jpg
0.21604940526638805,0.2562286290440425,0.23593261390536863,0.23085929508723751,0.7230205380366486,0.3665835878364556,0.5151884072674395,0.3038357808946494,1.8823529411764706,0.9411764705882353,0,coco_val2017/000000338624.jpg
0.32689711609681504,0.2692877452034502,0.17835937686665257,0.25180094616873333,0.6994480682388361,0.34273080782739584,0.22840854065215202,0.12847523594602242,1.2941176470588236,0.6470588235294118,0,coco_val2017/000000084031.jpg
0.5678765963893115,0.5090201347586399,0.0,0.0,0.0,0.7666185856270625,0.5436736682169823,0.25371437850125816,1.1176470588235294,0.5882352941176471,0,coco_val2017/000000153669.jpg
0.18952707657417578,0.2987812948250638,0.22408507685318685,0.21578629198129898,0.7386526636595496,0.41497501421882305,0.0,0.0,0.8235294117647058,0.4117647058823529,0,coco_val2017/000000502336.jpg
0.4521256743460116,0.4568984041891449,0.21188884741967226,0.2913514063719334,0.9601386579807506,0.6400980935470131,0.3713056420647133,0.0,1.1764705882352942,0.6470588235294118,0,coco_val2017/000000456015.jpg
0.5586449923367486,0.5829154749405645,0.0,0.0,0.0,0.7312940486103569,0.43036173338229894,0.35441554513836376,1.411764705882353,0.7058823529411765,0,coco_val2017/000000203629.jpg
1.1911940424459824,0.18306842813539437,0.14603908024328227,0.21120329252129982,0.5403108008999765,0.31515128907891826,0.17367946602654466,0.1214986055511692,2.0,1.0,1,simuletic/laying107.png
0.41506405821965187,0.4611822869107242,0.0,0.0,0.0,0.6014619478495068,0.590288888888889,0.3125111111111122,1.5294117647058822,0.7647058823529411,0,coco_val2017/000000189775.jpg
0.32799569837517834,0.30795747354074837,0.21320087736110227,0.22192870376285687,0.7430870546647075,0.4388703443429375,0.1470976831457539,0.13188247247984902,1.7647058823529411,0.9411764705882353,0,coco_val2017/000000329456.jpg
0.3676320163049506,0.3515238738137495,0.0,0.0,0.0,0.46760808852597,0.21106813207175698,0.16187939360950584,1.0588235294117647,0.5294117647058824,0,simuletic/laying98.png
0.36159407619421663,0.28861251814649724,0.20277548377956456,0.20342243610953445,0.6948104380355963,0.4029273808338915,0.42737021902979766,0.2757271855739793,1.2941176470588236,0.6470588235294118,0,simuletic/laying13.png
0.4350093910849212,0.30891077752448115,0.20817956327870743,0.1578146730325319,0.6749050138357204,0.3659913688043931,0.11330033025055523,0.11329373842310345,1.5294117647058822,0.7647058823529411,0,coco_val2017/000000084031.jpg
3.395171901437176,0.027339821297560456,0.053187332158456994,0.11559991920700706,0.08975240834611052,0.2313925199848133,0.029867049335900876,0.022398634471605304,2.0,1.0,1,simuletic/laying75.png
1.04495828252935,0.3055722407699722,0.14654995220600717,0.19643929763783918,0.6485614906138185,0.43216605568848293,0.27794010365939825,0.2331095145883224,1.9411764705882353,1.0,0,coco_val2017/000000055950.jpg
1.700810958646285,0.3088930190976409,0.0038251157209991705,0.141325189241329,0.45404332405996906,0.4704829403426636,0.18451588834636967,0.112007466242248,1.7647058823529411,0.8823529411764706,1,simuletic/laying15.png
0.29634720789470415,0.29980238382281665,0.2503200387775141,0.20374849302129008,0.7538709156216208,0.4002224735579611,0.4456085020005201,0.30144523943331175,1.8235294117647058,0.9411764705882353,0,coco_val2017/000000153669.jpg
0.8698649240565058,0.199980496491785,0.22375503135823271,0.24970849663626485,0.6734440244862826,0.30891612702933147,0.20445592582999592,0.1581436824879799,1.8823529411764706,0.9411764705882353,1,simuletic/laying42.png
0.3229471940420684,0.2783264692915604,0.2192876132688344,0.24338544013466562,0.7409995226950605,0.4021881941720216,0.493591720382391,0.28793257767782576,1.9411764705882353,1.0,0,coco_val2017/000000281929.jpg
1.2539600061479548,0.12635283885828863,0.1532667790443145,0.2524169272682889,0.532036545170892,0.24474218019333913,0.13258544455844773,0.10269043885750405,2.0,1.0,1,simuletic/laying17.png
0.7503665847600491,0.42049516374119267,0.1168033808923717,0.01946806140668815,0.2842237214421328,0.6034882909003855,0.22155606366762387,0.18694388315785743,1.411764705882353,0.7647058823529411,0,coco_val2017/000000089648.jpg
0.9106520431720739,0.4770559439202777,0.1590191868698952,0.21959815568072316,0.5376349127311058,0.6436460872882943,0.07767335011592776,0.06657056323475617,1.5294117647058822,0.7647058823529411,0,coco_val2017/000000089648.jpg
1.8212300198268976,0.22261996591962238,0.27527015339565164,0.05018348009259604,0.54807359940787,0.2739921718816905,0.08516648923961773,0.05263757551404907,1.8823529411764706,0.9411764705882353,1,simuletic/laying60.png
0.7331268688594618,0.3061378684322938,0.12814769329346437,0.4271678769756515,0.8614534387014097,0.0,0.1602330662782226,0.160233066278223,0.5294117647058824,0.35294117647058826,0,coco_val2017/000000097337.jpg
0.5606152395596746,0.6356432720840117,0.0,0.0,0.0,0.0,0.761340595086528,0.3622546014680689,0.9411764705882353,0.47058823529411764,0,coco_val2017/000000470773.jpg
1.778162966066192,0.14177997668530629,0.18613612456967996,0.20949015045263292,0.5374062517076191,0.26840764512486104,0.09863602734706013,0.05752081286234765,2.0,1.0,1,simuletic/laying01.png
0.654553894303274,0.24387587769795838,0.17815545591645454,0.17736390614104783,0.5993952397554607,0.371672855822401,0.42404193053899625,0.30839384977470863,2.0,1.0,0,coco_val2017/000000480936.jpg
0.30197530194323935,0.2945762435967317,0.306127406852021,0.15306555319059725,0.75376920363935,0.3927679137368453,0.4594161943187573,0.3062774628791715,1.8823529411764706,0.9411764705882353,0,coco_val2017/000000153669.jpg
0.3510554105649799,0.219811753902663,0.19499420037697549,0.27299157846406646,0.6877975327437049,0.3066716809240732,0.3764444712138296,0.3092179419888314,1.8823529411764706,0.9411764705882353,0,coco_val2017/000000521717.jpg
1.2347923280950355,0.18542383146448144,0.19044051316605093,0.22882632784756615,0.6046906724780985,0.2790341300783242,0.16581916491693965,0.1197047417172427,2.0,1.0,1,simuletic/laying44.png
1.3132790011609414,0.19241580200180847,0.189982109548969,0.21886595415289611,0.6012638657036735,0.30585628100378726,0.1472490271800763,0.10596292045834779,2.0,1.0,1,simuletic/laying32.png
1.21200769261589,0.20737259104932096,0.27780059297247484,0.2699727553187228,0.7551459393405185,0.26606134059858155,0.06442042280292885,0.06442042280292931,1.2352941176470589,0.6470588235294118,0,coco_val2017/000000462031.jpg
1.2942410091120053,0.21037313724492543,0.20762283362202397,0.22887142242997133,0.6468673932969207,0.3085752988482608,0.16914810699940175,0.12697906161866507,2.0,1.0,1,simuletic/laying45.png
1.0413947666034102,0.2359456152702499,0.22058911043529572,0.23827545010237444,0.69481017580792,0.3425752998823465,0.16522320865903906,0.1455845565817104,2.0,1.0,1,simuletic/laying06.png
0.7360410588360363,0.0,0.0,0.0,0.0,0.0,0.0,0.5516549648946848,0.29411764705882354,0.23529411764705882,0,coco_val2017/000000150638.jpg
0.5353101526224514,0.2592528314745028,0.2622330632816115,0.2334256391478368,0.754911533903951,0.35792045764697306,0.2336199320713489,0.13905897441987491,1.5294117647058822,0.8823529411764706,0,coco_val2017/000000172946.jpg
0.5358120466729739,0.4774077578051088,0.006723431094292093,0.36309996846420706,0.8337842951750236,0.5446452223273415,0.33106541263993045,0.2574953209421681,1.5294117647058822,0.8235294117647058,0,coco_val2017/000000150638.jpg
1.3786309910642551,0.18479106707547574,0.17957249368433878,0.20810892121180782,0.5724724819716224,0.32346382239604565,0.17246628134853578,0.11644708969827607,2.0,1.0,1,simuletic/laying27.png
0.579494503607949,0.29298536547948,0.17536403666574732,0.27159883917368743,0.7399482413189148,0.3004701930996948,0.28561568498914286,0.21174798375024032,1.8823529411764706,0.9411764705882353,0,coco_val2017/000000133969.jpg
1.1719797818784945,0.14044896752681557,0.19420610912185565,0.24201729557742765,0.5766723722260989,0.2655618227994659,0.17225676747658009,0.11815901336863384,1.8823529411764706,0.9411764705882353,1,simuletic/laying112.png
1.9276395737466951,0.007915746860275847,0.14620180790338175,0.23696896929556815,0.08285141453191056,0.09268303865758576,0.018452861079522695,0.01655535497837452,1.8823529411764706,0.9411764705882353,1,simuletic/laying39.png
2.078966297054242,0.006124454425869352,0.4986217717550433,0.12884051937289026,0.3636567979562837,0.182822917338556,0.003854942651822595,0.010784719751004692,1.6470588235294117,0.8235294117647058,1,simuletic/laying84.png
0.2653321808159958,0.31578674522417177,0.199567693301162,0.17022019918114156,0.6855746377064753,0.4132232957262569,0.2322777121790027,0.25218953609867545,1.6470588235294117,0.8235294117647058,0,coco_val2017/000000195842.jpg
0.22024466001935672,0.29015676697652426,0.2176168718629723,0.2176168718629729,0.7253905107024694,0.38860175786085666,0.5987838839069017,0.518944329475486,1.8823529411764706,0.9411764705882353,0,coco_val2017/000000577932.jpg
0.792275276760017,0.39107393691737935,0.0,0.0,0.0,0.6901368329027631,0.40682652251537366,0.25183495338226536,0.5882352941176471,0.35294117647058826,0,coco_val2017/000000302990.jpg
1.3565545110772943,0.17804746466615431,0.15900077869332208,0.22657227342823552,0.563620516787712,0.29947506060744866,0.15613528531125484,0.10674155476659718,1.8823529411764706,0.9411764705882353,1,simuletic/laying113.png
1.013636710197171,0.18268372837644586,0.2048307664000074,0.23021245816790228,0.6177269529443555,0.30348537278240967,0.207474994231298,0.15461580790153276,2.0,1.0,1,simuletic/laying28.png
0.3253719584033966,0.24558920618477736,0.2605386694485277,0.18365936306568884,0.6897872386989938,0.34040896274762267,0.2627434054908467,0.2277109514254006,1.9411764705882353,1.0,0,coco_val2017/000000054593.jpg
0.9298121927593043,0.5313408142387673,0.0,0.0,0.0,0.7245157139753211,0.48734800383131976,0.377890072281473,1.411764705882353,0.7058823529411765,0,coco_val2017/000000209753.jpg
0.5161458625284046,0.5794098750846204,0.0,0.0,0.0,0.8273425406503184,0.665705955573377,0.5351745570286455,1.0588235294117647,0.6470588235294118,0,coco_val2017/000000203389.jpg
0.24508016065694815,0.30390566438808236,0.22663985321593674,0.17513117706946474,0.7056766946734838,0.4326773547542593,0.499292431297361,0.32098511823244885,1.8235294117647058,0.9411764705882353,0,coco_val2017/000000577932.jpg
0.9592883887631363,0.16643955703104957,0.16064572469218744,0.24197944274223276,0.5690647244654697,0.25785572666370377,0.1814468931873306,0.14101421973177788,2.0,1.0,1,simuletic/laying43.png
2.1355516353928423,0.09184145047206528,0.2255731903571114,0.025256359959896914,0.29215828086927975,0.08239004788707117,0.04152371510218364,0.0308723308533771,2.0,1.0,1,simuletic/laying99.png
0.4422021505376344,0.5137376344086021,0.0,0.0,0.0,0.7467125448028673,0.5876486532052037,0.4052704612950499,1.1176470588235294,0.5882352941176471,0,coco_val2017/000000189775.jpg
1.3671313364055298,0.0,0.0,0.0,0.0,0.0,0.0,0.0,0.35294117647058826,0.17647058823529413,0,coco_val2017/000000450202.jpg
0.4749878604732294,0.39593361211029754,0.0,0.0,0.6574355190767358,0.5892974160486901,0.7823489126874633,0.6188699095808562,0.5882352941176471,0.4117647058823529,0,coco_val2017/000000114049.jpg
0.5803561175862664,0.27474055520468543,0.22988316013090643,0.17661982545788604,0.6812435407934779,0.36445175690417414,0.32204490227479277,0.2833938254734773,1.4705882352941178,0.7647058823529411,0,coco_val2017/000000477955.jpg
1.0114446357884719,0.1442683628786522,0.19127179616736503,0.22065264431714296,0.5561928033631601,0.24106326291806518,0.18889501039363418,0.13130375505457564,2.0,1.0,1,simuletic/laying54.png
0.8508068288251531,0.0,0.3038724627749682,0.24586103631603207,0.0,0.0,0.0,0.18615547863271642,1.0588235294117647,0.5294117647058824,0,coco_val2017/000000489924.jpg
0.4557900814547103,0.36450891470460356,0.08305256003128107,0.3160609028353842,0.5975172575087067,0.4590963241232383,0.34450176987248116,0.21923167891346249,1.2941176470588236,0.6470588235294118,0,coco_val2017/000000501005.jpg
0.20695342460209046,0.30213297716257376,0.0,0.0,0.0,0.4058044703477725,0.4201584119689045,0.3437637510389679,1.1764705882352942,0.5882352941176471,0,coco_val2017/000000026941.jpg
0.32522578487121895,0.4243202561284461,0.06994552491996006,0.0,0.0,0.643474936684665,0.6504554804584198,0.4400284063081598,1.5294117647058822,0.8823529411764706,0,coco_val2017/000000153669.jpg
0.5587959607305901,0.599894502358517,0.0,0.0,0.0,0.8420723076280863,0.5623972835314094,0.33955178268251285,1.2941176470588236,0.7058823529411765,0,coco_val2017/000000157767.jpg
0.27215270912178396,0.274460600030646,0.1507591166413732,0.17202025990273045,0.5972399765747496,0.3421094059935897,0.5302492750046275,0.38563583636700227,0.5882352941176471,0.5882352941176471,0,coco_val2017/000000577932.jpg
0.6003240070978987,0.4920085603431702,0.011097558285031681,0.12947676635873387,0.6103877684168724,0.0,0.35274506612624623,0.19688243231182023,1.0,0.5882352941176471,0,coco_val2017/000000119445.jpg
1.4377188461601076,0.1633358390674343,0.16690727861679835,0.2163622273733406,0.5466053450575733,0.2766108449219266,0.12146599918233936,0.09069159948311431,1.8823529411764706,0.9411764705882353,1,simuletic/laying34.png
0.8028556290138724,0.1843264716728741,0.2099659394148196,0.24956290884984425,0.643855319937538,0.29122151071785934,0.22180920220711686,0.18554049537356734,2.0,1.0,1,simuletic/laying11.png
0.5135470932276519,0.665837035379846,0.0,0.0,0.0,0.8863944463975624,0.2552529425035206,0.1701712214209587,0.9411764705882353,0.5294117647058824,0,coco_val2017/000000229659.jpg
1.364705183422288,0.17871178891678802,0.17853034730164064,0.22865024064012868,0.5858923768585573,0.29902150099765173,0.13533735782072123,0.1000295306670617,2.0,1.0,1,simuletic/laying35.png
1.5190789106318558,0.15249627477622807,0.2565515854304197,0.12936996409721876,0.5384178243038665,0.169364804106484,0.12390281881593139,0.08829150100725179,1.411764705882353,0.7058823529411765,1,simuletic/laying94.png
1.397491885613597,0.12393000206939854,0.16864942716813608,0.2165066418618907,0.5090860710994253,0.24247442595615587,0.1281704442161561,0.09430756195484376,2.0,1.0,1,simuletic/laying57.png
1.09564646998318,0.42671970433668466,0.0,0.0,0.0,0.5304090298462385,0.2302135480850093,0.25213676209201175,0.9411764705882353,0.5294117647058824,0,coco_val2017/000000114049.jpg
1.763032218742983,0.13918209499557074,0.11630560305580848,0.2067840231357076,0.4622717211870868,0.24691476603966334,0.09765199761171703,0.05840082453426103,1.8823529411764706,0.9411764705882353,1,simuletic/laying67.png
1.1783718703839738,0.18508259454814974,0.3508285974175447,0.055247783644449606,0.11049821922494535,0.3186005026302785,0.1512049223124426,0.10197504636047751,1.7647058823529411,0.8823529411764706,0,coco_val2017/000000210915.jpg
0.2839704559468485,0.0,0.32355382820779066,0.3048885958566787,0.0,0.0,0.0,0.5214084957183007,0.9411764705882353,0.47058823529411764,0,coco_val2017/000000279278.jpg
1.3683771269818445,0.16818006709763145,0.40555523943612154,0.03464955213138402,0.5390857544023689,0.04866039263571584,0.039531433210604365,0.023763393284552212,1.8823529411764706,0.9411764705882353,1,simuletic/laying85.png
0.22461813729692423,0.35004539050118577,0.12611965067997832,0.18274457567025185,0.6589096168514159,0.4766811520614759,0.44342779974165203,0.2293517829882182,1.8823529411764706,1.0,0,coco_val2017/000000133969.jpg
0.2223956432014423,0.46235854187309555,0.0,0.0,0.0,0.6295628549646001,0.3663969984757881,0.3663969984757881,0.8235294117647058,0.47058823529411764,0,coco_val2017/000000157767.jpg
0.23914949023879634,0.37022364815413655,0.19745374704270469,0.0,0.0,0.5314764068785137,0.05560201412735955,0.11118623561019783,1.4705882352941178,0.7647058823529411,0,coco_val2017/000000502336.jpg
0.5420980841961685,0.22989904313141957,0.10284916403166133,0.27830047326761326,0.6110486804306942,0.3690479880959762,0.08190846533615438,0.08190846533615438,1.1176470588235294,0.5882352941176471,0,coco_val2017/000000089648.jpg
1.106028256241533,0.574559318753629,0.0,0.0,0.0,0.8727249854848076,0.43274361802798605,0.30816707635968626,1.2352941176470589,0.7058823529411765,0,coco_val2017/000000280891.jpg
0.19640690135247943,0.3216746101386617,0.19050730648288683,0.2154899037448558,0.7276718203664043,0.3862172092853719,0.04243559973384377,0.021224589562879117,1.7058823529411764,0.8823529411764706,0,coco_val2017/000000157767.jpg
0.30156377311187715,0.25256920505588637,0.23295153034576416,0.2685072600020892,0.7540279954037398,0.32613261255614745,0.4113451592901655,0.27062181532247725,1.8823529411764706,0.9411764705882353,0,coco_val2017/000000447465.jpg
0.9922967899991231,0.3180084811691454,0.0033126914840349575,0.23519402301061704,0.5498898126957275,0.3665917939926468,0.1291801371854741,0.026727219855972418,1.7058823529411764,0.8823529411764706,0,coco_val2017/000000302990.jpg
1.1563336512187137,0.14647178620646825,0.17185584866724674,0.20927838236644353,0.5276060172401585,0.2551708446909339,0.14746190254547864,0.10877648070513501,2.0,1.0,1,simuletic/laying18.png
1.0325355274159256,0.19457771194275475,0.20553022464986714,0.23983233265097822,0.6399402692436001,0.28877402052524537,0.18724880487164305,0.15292062836643247,2.0,1.0,1,simuletic/laying47.png
0.18465669924018796,0.3176930700455035,0.23966048231545514,0.17277464593612468,0.7301281982970833,0.4756089330306873,0.4057883194829192,0.04507156048014797,1.7058823529411764,0.8823529411764706,0,coco_val2017/000000546964.jpg
0.5879272996440456,0.4588711052732789,0.08497734010166993,0.31866094333392625,0.6925547085055352,0.7244237056281454,0.41465522029735047,0.32786935833266456,1.7647058823529411,0.9411764705882353,0,coco_val2017/000000153669.jpg
0.22239539443135503,0.2869645037577175,0.19634503929695415,0.20893059831117694,0.6922401413658485,0.4178611966223539,0.5739321237663478,0.2869708949957951,1.2941176470588236,0.6470588235294118,0,coco_val2017/000000157767.jpg
0.38223753527182014,0.5172211255495136,0.03153875964298227,0.3658338682135809,0.9145937534060767,0.7632145697342552,0.5940594059405937,0.3465346534653462,1.0,0.6470588235294118,0,coco_val2017/000000253835.jpg
2.489108287865726,0.06583285596405601,0.35114745556619414,0.18173050935857468,0.2352498021716755,0.02927484828888077,0.029940129630367917,0.02499253384545127,2.0,1.0,1,simuletic/laying100.png
0.43928991845748017,0.5662436308332117,0.0,0.0,0.0,0.7549857794657203,0.702924205378973,0.4889975550122254,1.2352941176470589,0.6470588235294118,0,coco_val2017/000000546964.jpg
0.3437307273165351,0.32354898107602087,0.15271591484319888,0.1967178689137006,0.6729827648329204,0.44002617216599,0.27130546623794194,0.23111254019292585,1.2941176470588236,0.6470588235294118,0,coco_val2017/000000291619.jpg
1.817138042108063,0.16159466863015493,0.15472197028119555,0.14193409222742254,0.458250731138773,0.2303313484336446,0.06792097064816643,0.04491925550818622,1.8823529411764706,0.9411764705882353,1,simuletic/laying04.png
2.0514520542507206,0.09473523057597504,0.42963059133337533,0.07497259822217493,0.25992276253522534,0.2179111230637148,0.002912941358596484,0.007955668728222334,1.8823529411764706,0.9411764705882353,1,simuletic/laying52.png
0.3187559982361943,0.31024174513008074,0.2288645933303939,0.15766823161189356,0.6967745700723682,0.4017910409047281,0.33905660889142086,0.27549027585645736,1.5294117647058822,0.7647058823529411,0,coco_val2017/000000258388.jpg
0.30461275973432456,0.2987858753275243,0.138245688867223,0.2764875693132656,0.713519133508013,0.4281122417890441,0.41023204640928124,0.2539632926585306,1.1176470588235294,0.7058823529411765,0,coco_val2017/000000456015.jpg
2.3824158521506207,0.051965980574910295,0.031449170712086534,0.004680930193073527,0.01583587966975023,0.20540129874526714,0.05423732228719535,0.03525389361517105,2.0,1.0,1,simuletic/laying101.png
0.19100155666722082,0.3008498697739556,0.2094158215827631,0.19171691830267845,0.7019826096593972,0.4119467072374107,0.35030595558368943,0.30909426597035394,1.2941176470588236,0.7647058823529411,0,coco_val2017/000000157767.jpg
0.2419661399327754,0.3111288971189928,0.27295237225860913,0.21187319264637344,0.7959544620239754,0.4224722043818783,0.3368409706409413,0.21052560665058814,1.3529411764705883,0.7058823529411765,0,coco_val2017/000000157767.jpg
0.3291545667731862,0.2809959781776649,0.07114129840463662,0.305895432619288,0.6580327092015895,0.386282669712397,0.4037504960363233,0.25955389030906584,1.9411764705882353,1.0,0,coco_val2017/000000133969.jpg
0.27428676542935243,0.3581616108898481,0.24044421819052947,0.25797723296215325,0.8565830620425309,0.4896549437668711,0.49957109658904825,0.2924341438308092,1.7058823529411764,0.9411764705882353,0,coco_val2017/000000153669.jpg
0.3267140787759232,0.3068544952939722,0.1150683884493036,0.2642363714450017,0.6861592551882775,0.43470795693602293,0.4873782946772728,0.26110108504333446,1.5294117647058822,0.8235294117647058,0,coco_val2017/000000456015.jpg
1.6750123955725258,0.1829610702031554,0.31011214748509563,0.05240742476096453,0.44066579292728647,0.2487880935631451,0.11738825156169368,0.08467097187831826,2.0,1.0,1,simuletic/laying102.png
0.47240237269366686,0.44797519012490433,0.0,0.0,0.0,0.6289577124757765,0.30634656279018657,0.19188780995430268,1.3529411764705883,0.7058823529411765,0,coco_val2017/000000117425.jpg
0.4549148140131722,0.25428094369376336,0.09323536687177265,0.3220896076188121,0.6696059181843481,0.3831158591261866,0.5114223376199667,0.4536819281694352,1.411764705882353,0.7647058823529411,0,coco_val2017/000000499622.jpg
0.7599892994274531,0.20076029636070813,0.2276859396165965,0.2759781539712614,0.704424389948566,0.3097379235916287,0.2932222050268438,0.217223571886318,2.0,1.0,1,simuletic/laying24.png
0.5508877774848335,0.30112365715876405,0.17042691209751576,0.20806795475928241,0.6796185240155622,0.4004523536441903,0.45044883085332527,0.26824658366231396,1.8235294117647058,0.9411764705882353,0,coco_val2017/000000493864.jpg
0.3372712491176564,0.3615106776750377,0.19418408234505002,0.254089509153547,0.8097842691736347,0.36047732596320325,0.2196399379418778,0.19523839273628427,1.6470588235294117,0.8235294117647058,0,coco_val2017/000000258388.jpg
0.33048006406283226,0.28143308917672916,0.21240493500970445,0.19647518696303246,0.6903132111494661,0.38498097569141254,0.42780675455528555,0.2994647281887001,1.8823529411764706,0.9411764705882353,0,coco_val2017/000000463542.jpg
1.612017969717698,0.14091497661348468,0.16109415614427539,0.24100201512266367,0.5430111478804237,0.23367616793921345,0.11880076972634786,0.08487605530476837,1.7647058823529411,0.8823529411764706,1,simuletic/laying70.png
0.972138077679242,0.32605283808527336,0.08398234792807543,0.41003729548657103,0.652107785643769,0.0,0.040686219197819694,0.04068621919781963,1.411764705882353,0.7058823529411765,0,coco_val2017/000000089648.jpg
0.4244014061360371,0.31224077105838965,0.18773966449318677,0.1719300250111909,0.6719104605627674,0.40182951070097067,0.08066943014353363,0.034574193453214996,1.7058823529411764,0.8823529411764706,0,coco_val2017/000000501005.jpg
0.3131059120660061,0.30364359666130863,0.176308551961492,0.2318152771083285,0.7117674257311292,0.0,0.40401225968236276,0.30649205906937854,1.411764705882353,0.7058823529411765,0,coco_val2017/000000324158.jpg
0.5748447919061852,0.26016781503476827,0.20131857501922742,0.19047878624495534,0.651965176298951,0.38467582718183335,0.36637931034482746,0.25143448275862046,2.0,1.0,0,coco_val2017/000000556158.jpg
0.42746817286731875,0.29333534574274117,0.20259155112195196,0.21736452702976464,0.7132914238944578,0.4115137505638799,0.28880094786729843,0.1925355450236968,1.6470588235294117,0.8235294117647058,0,coco_val2017/000000189775.jpg
0.6582281435190672,0.2010806828518427,0.226428070477415,0.26277375639088174,0.6902825097201395,0.3204737461095439,0.3184428195347624,0.2335596080696552,2.0,1.0,1,simuletic/laying22.png
0.38064889106898847,0.4389912757086298,0.0,0.0,0.0,0.0,0.5465155880376656,0.33079592419068227,0.7058823529411765,0.35294117647058826,0,coco_val2017/000000203629.jpg
1.0433224259528056,0.21034254526947352,0.24497181839818025,0.26610318940154293,0.7214175530691966,0.31751214592514454,0.21182829674628562,0.1757710068187802,1.8823529411764706,0.9411764705882353,1,simuletic/laying91.png
0.8689563740005202,0.1948120352029762,0.2162301518602373,0.24884813901323447,0.6598903260764479,0.3003383448785485,0.20015489902670627,0.16781265497449255,2.0,1.0,1,simuletic/laying13.png
2.152755764438895,0.04978500487589454,0.006590315632644369,0.057728273194681386,0.11410359370322029,0.04918484944447806,0.012727001948116656,0.010243034579526926,1.5294117647058822,0.7647058823529411,1,simuletic/laying37.png
0.36176004147732477,1.3581155265485374,0.0,0.0,0.0,1.8544989681498876,1.6781882943073334,0.0,0.5882352941176471,0.5294117647058824,0,coco_val2017/000000172946.jpg
2.2651910986996056,0.22316133883856262,0.1489471077113566,0.11522866039378099,0.48733710694370025,0.35984179403970196,0.09472974035857024,0.05408522742935587,2.0,1.0,1,simuletic/laying58.png
0.27868043194493886,0.27438056247775006,0.24652426723626436,0.24652545389818442,0.7674302836121988,0.37744749021003915,0.43912128902590664,0.25947863262421017,1.5294117647058822,0.7647058823529411,0,coco_val2017/000000571264.jpg
1.1243030412744388,0.0,0.0,0.0,0.0,0.0,0.0,0.45083847906418817,0.23529411764705882,0.17647058823529413,0,coco_val2017/000000450202.jpg
1.7695029548776673,0.31953744013864843,0.027551131793459204,0.2271699339749035,0.5191562423200927,0.5035407103943433,0.192941909837378,0.12974030475663492,1.7647058823529411,0.8823529411764706,1,simuletic/laying03.png
1.4387740187402775,0.11534020006183464,0.10330396593739122,0.19251197133209827,0.4111561373313241,0.20679067027287593,0.1344121157303862,0.08855647536777411,2.0,1.0,1,simuletic/laying80.png
0.9177030884652351,0.36394543185437017,0.08958653105918243,0.548713019944246,0.8230719207394338,0.0,0.04070924646470955,0.056991902960577746,0.7058823529411765,0.7058823529411765,0,coco_val2017/000000089648.jpg
0.28593692197498605,0.42396634369416514,0.156679706255067,0.37788176215475905,0.9585278121039912,0.0,0.0,0.0,0.5294117647058824,0.29411764705882354,0,coco_val2017/000000054593.jpg
0.18250532966677316,0.2591690104672359,0.23471831588794026,0.22249401260745483,0.716381338962631,0.3606352169346638,0.643559938676978,0.4469029586069611,1.5294117647058822,0.8235294117647058,0,coco_val2017/000000133969.jpg
0.3887399088871718,0.28248647817103073,0.07778504225243774,0.274298210958013,0.6345697313814814,0.37528392635920466,0.43564445483734593,0.33726964483257915,1.7647058823529411,0.8823529411764706,0,coco_val2017/000000054593.jpg
1.5049863718059582,0.14993880029503026,0.22246744493616155,0.15973822422300218,0.532144469454194,0.16218621242179154,0.045689504083819686,0.03868223240406511,1.411764705882353,0.7058823529411765,1,simuletic/laying10.png
1.2152361898948878,0.1871675219768604,0.24981063998521444,0.1417286560311684,0.5787068179932432,0.22861139906336678,0.15998169896258632,0.10967875408381457,1.5294117647058822,0.7647058823529411,1,simuletic/laying98.png
1.9010107936675391,0.6176654820226424,0.6794340082947065,0.0,0.0,0.18529898525019353,0.0,0.0,0.7058823529411765,0.35294117647058826,0,coco_val2017/000000089648.jpg
0.549236911867001,0.35965100559519303,0.30515883762927437,0.0,0.0,0.5032694626524519,0.18861790281329915,0.217391304347826,1.7058823529411764,0.8823529411764706,0,coco_val2017/000000064718.jpg
0.33802078824309406,0.29388251016132955,0.21676928630732697,0.21148096518707268,0.7221327616557293,0.3996918515814508,0.5327083542913384,0.34661431923414693,1.6470588235294117,0.8235294117647058,0,simuletic/laying54.png
0.2505086665594563,0.29201422634904434,0.2592661217583431,0.23743133292779844,0.788711681035186,0.37115878087833243,0.4942596107327603,0.36342153250716397,1.8823529411764706,0.9411764705882353,0,coco_val2017/000000153669.jpg
0.4381980876113652,0.31585891871617644,0.24545710277505806,0.2035968104124349,0.7649128319036694,0.4655441653311771,0.4360569815138008,0.33192343178559125,1.4705882352941178,0.8823529411764706,0,coco_val2017/000000172946.jpg
0.8219105712532461,0.0,0.03598220853161461,0.5376118062526161,0.0,0.0,0.0,0.17768850432632885,0.7647058823529411,0.4117647058823529,0,coco_val2017/000000169356.jpg
0.18716242814563788,0.23212595999383812,0.2398645922731042,0.17022545948893245,0.6422160117558747,0.3288458231353725,0.12247377428246727,0.08164918285497842,1.411764705882353,0.7647058823529411,0,coco_val2017/000000425702.jpg
0.7827600380674475,0.7955781771321287,0.0,0.0,0.0,1.0520927838487373,0.12186941177583702,0.13294887928016572,0.8235294117647058,0.5294117647058824,0,coco_val2017/000000172946.jpg
0.35604155624718553,0.48063458158820743,0.0,0.0,0.0,0.6868863499603486,0.5421404906876791,0.40224301575931193,1.4705882352941178,0.7647058823529411,0,coco_val2017/000000133969.jpg
0.3663727406744631,0.569875342222899,0.0,0.0,0.0,0.7838769437249318,0.6596638109651146,0.421171595404031,1.2352941176470589,0.7058823529411765,0,coco_val2017/000000412362.jpg
0.7326288125702172,0.5438830156770427,0.10691870089758909,0.0,0.0,0.5128934974744969,0.0,0.0,1.0,0.6470588235294118,0,coco_val2017/000000089648.jpg
0.6671192698002778,0.2961666289497386,0.04676455318752397,0.3533233050678238,0.6027253808300385,0.4364536325838756,0.13511014739530694,0.16627866758899584,1.411764705882353,0.7058823529411765,0,coco_val2017/000000084031.jpg
0.4297538921569762,0.2992039451326074,0.20796381033145808,0.15453417743627404,0.6617019329003395,0.4253795885471631,0.5790958100544983,0.2694795497167367,1.0,0.8823529411764706,0,coco_val2017/000000172946.jpg
0.4474512819195092,0.3110021129781132,0.14283060003439277,0.19351440244623166,0.6473471154587377,0.3916322904168833,0.20707233572611805,0.179454445057979,1.8823529411764706,0.9411764705882353,0,coco_val2017/000000236426.jpg
0.8060105042250081,0.36627192544146997,0.0,0.0,0.0,0.5582755008753523,0.37669419627994344,0.21525448245934273,1.4705882352941178,0.7647058823529411,0,coco_val2017/000000203389.jpg
1.3959727833134181,0.13831541679347584,0.15338173575885847,0.1708050476713346,0.4625022002236689,0.21542489928162045,0.09028947102122223,0.03525641688558104,2.0,1.0,1,simuletic/laying79.png
0.41390689965981453,0.21207180863215525,0.2486344812690291,0.27544849242578406,0.7361547823269684,0.3193254302855094,0.21952161848898857,0.19599893626095746,1.7647058823529411,0.8823529411764706,0,coco_val2017/000000391290.jpg
0.8303752846382904,0.541907514450867,0.0,0.0,0.0,0.7086763589653763,0.3167312240770575,0.2692215404654989,1.1764705882352942,0.6470588235294118,0,coco_val2017/000000180135.jpg
0.18510074471836518,0.34341886131060634,0.15535390706557256,0.21259212965710836,0.7113648980332872,0.4306355186086486,0.05892560736381394,0.08840727327599208,1.1764705882352942,0.5882352941176471,0,coco_val2017/000000157767.jpg
0.8614636926584306,0.2555326206393708,0.09920720498680374,0.4058453228175031,0.5621707384700702,0.375781755445331,0.03725260544722497,0.009313151361806295,1.7647058823529411,0.8823529411764706,0,coco_val2017/000000089648.jpg
0.5456816487700706,0.5248856699639382,0.0,0.0,0.0,0.7165597235932872,0.5335966920180165,0.4759100642398287,1.2941176470588236,0.7058823529411765,0,coco_val2017/000000153669.jpg
1.7291433419339635,0.17789303245141838,0.03657837136140658,0.2490654535469944,0.4635368573598193,0.3249946408263666,0.10224771454950515,0.06421376893354248,2.0,1.0,1,simuletic/laying40.png
1.8411619858921713,0.18718767750858703,0.1424858225670081,0.29420512649923075,0.33890698144080966,0.39702295584599295,0.12720798979594633,0.04355817735434426,2.0,1.0,1,simuletic/laying105.png
0.9400311339368258,0.2215340304875088,0.23610671477302908,0.2620314113506985,0.7196721566112364,0.32904271382479916,0.2227382767550073,0.18154205804119405,2.0,1.0,1,simuletic/laying93.png
1.6083987365690477,0.06274213038346156,0.4183244143568306,0.11195957767440992,0.36910696706588225,0.03857495439424831,0.02589637574311213,0.0008363419831144318,1.7647058823529411,0.8823529411764706,1,simuletic/laying49.png
1.525959067746008,0.11376031528577643,0.1932088092131938,0.19551651822625557,0.5024856427252258,0.2319452526121385,0.11588771869489804,0.06646398486804286,2.0,1.0,1,simuletic/laying08.png
0.29247539114440574,0.3079578161907157,0.21805667632616663,0.18936404117756597,0.7153785336944483,0.4035966663290742,0.0785436226242268,0.10471552162281421,1.8823529411764706,0.9411764705882353,0,coco_val2017/000000329456.jpg
0.41177447988176547,0.28239643547385634,0.054657233556917845,0.20724164618842314,0.5442953152191974,0.32338972502310176,0.2737650256976596,0.19081043197553424,1.1764705882352942,0.8235294117647058,0,coco_val2017/000000406997.jpg
0.23860736474768027,0.30972923986978984,0.20061888888554916,0.18830122665640692,0.6986493554117459,0.41003868431256446,0.3838164342491467,0.22635828829850238,1.5294117647058822,0.7647058823529411,0,coco_val2017/000000329456.jpg
0.522100426488739,0.25578529734045397,0.2414417111689538,0.18167931468514378,0.6789063231945516,0.4039962442920981,0.1097158505757886,0.14629170177573886,1.5294117647058822,0.7647058823529411,0,coco_val2017/000000119445.jpg
0.8736112601596168,0.4365091020000113,0.09259301097436305,0.0,0.0,0.6437389272649567,0.14142184752249926,0.08081617875245688,1.2352941176470589,0.7647058823529411,0,coco_val2017/000000089648.jpg
0.25483631377478144,0.33356224647203336,0.2480323373136034,0.06500199965720156,0.6465965834428383,0.46424932868651086,0.41251905658685356,0.34974441754102753,1.8823529411764706,0.9411764705882353,0,coco_val2017/000000261061.jpg
0.3565593223433193,0.31069153111707465,0.21962685068550644,0.17677355459408173,0.7070919363966628,0.41568404622378025,0.3200000000000003,0.1600127999999998,2.0,1.0,0,coco_val2017/000000463542.jpg
0.5820164718708112,0.2407425191493276,0.10453307832457072,0.2344069761308012,0.5796825736046995,0.1409617743848748,0.23966237273325156,0.15614099098994416,1.5294117647058822,0.7647058823529411,0,coco_val2017/000000253819.jpg
0.3766732931864156,0.26926332199505265,0.2544925331677431,0.18973345103040684,0.7134893061932026,0.37776361502586375,0.0,0.3345391790468544,1.5294117647058822,0.7647058823529411,0,coco_val2017/000000172946.jpg
0.5997973580556506,0.44309814202667275,0.08573426042022873,0.2554121863799283,0.6127760679863723,0.5695358232962245,0.5341723291848085,0.3897065344544345,1.1764705882352942,0.5882352941176471,0,simuletic/laying40.png
0.3335648608769763,0.14947605942623732,0.2989539961028283,0.2549887928153875,0.7034188483444531,0.2461957521578993,0.26379946873170995,0.22862545585520683,1.5294117647058822,0.7647058823529411,0,coco_val2017/000000402615.jpg
1.9839238264501071,0.1477342198639616,0.0932287092350026,0.1884894771461528,0.429452406245117,0.28760271164972373,0.10165926233883443,0.0628165206518594,2.0,1.0,1,simuletic/laying110.png
0.1882695637312091,0.27091894362167745,0.20899437480029415,0.18383702525766704,0.6637503436796386,0.3800606362346088,0.6937953899589521,0.4162752604988946,1.588235294117647,0.8823529411764706,0,coco_val2017/000000406997.jpg
1.0976483829310644,0.2145275550890457,0.20824435145645045,0.24508414823555474,0.6678560547810509,0.31696191574650007,0.16242804856805937,0.14876394937507892,2.0,1.0,1,simuletic/laying02.png
0.20009441814816195,0.31204328326686787,0.18664231672319329,0.22455617258643612,0.7232417725764972,0.41703067347471207,0.6014826588518705,0.3880493226211024,1.8823529411764706,0.9411764705882353,0,coco_val2017/000000521717.jpg
0.5094396222215771,0.24436090225563903,0.2142857142857144,0.22556390977443588,0.6842105263157893,0.32105263157894737,0.28690372171358386,0.22754498600716735,1.9411764705882353,1.0,0,coco_val2017/000000236426.jpg
0.712399491286851,0.4892668837663574,0.17736017569928464,0.25992421532041343,0.5718309233874862,0.660511011237129,0.3092959233422655,0.21192681737702396,1.7647058823529411,0.8823529411764706,0,coco_val2017/000000133969.jpg
2.791810915353063,0.03311539445432322,0.12373943015002255,0.0637216190404162,0.22057644364476198,0.009235472679371935,0.007955251735239154,0.01196658244073846,2.0,1.0,1,simuletic/laying65.png
1.0727588281305853,0.16068698891972558,0.17659935031548799,0.23091085312871165,0.5681971923639252,0.27131401518354176,0.1642311729002193,0.1180717330640839,2.0,1.0,1,simuletic/laying20.png
1.1494470844500289,0.18121755942400172,0.2530504204996501,0.1369498417183472,0.5712178216419991,0.20315418929274276,0.19197548374231663,0.1363890660767574,1.2941176470588236,0.6470588235294118,1,simuletic/laying97.png
0.3622912579224795,0.33039790964078775,0.38808621827617695,0.0,0.0,0.5139507969946567,0.23396264084550963,0.25345328857888,0.9411764705882353,0.5294117647058824,0,coco_val2017/000000502336.jpg
0.8580494452014794,0.7408214911426901,0.0,0.0,0.0,1.0257567646486279,0.46084214347293495,0.26585825128181845,1.0,0.5882352941176471,0,coco_val2017/000000153669.jpg
0.3885329229153773,0.2895363588137013,0.20020579385703854,0.18890479202765856,0.6786469446983984,0.4007550522152634,0.4694758499425522,0.29194552344332375,1.6470588235294117,0.8235294117647058,0,simuletic/laying77.png
0.29103936556810656,0.29671080897227037,0.25344157820303975,0.22253226759277506,0.7726846547680851,0.35852607364708816,0.420468699543295,0.3724223831711028,0.9411764705882353,0.5294117647058824,0,coco_val2017/000000577932.jpg
2.6043354143648036,0.14645955762951968,0.10322525477225405,0.13911599198477834,0.38880080438655207,0.26012355606590293,0.04004109565998258,0.01629948850395494,2.0,1.0,1,simuletic/laying62.png
0.5040561326618765,0.6476669335637077,0.0,0.0,0.0,0.9622489938683918,0.6368405651701368,0.4245568932363517,1.2352941176470589,0.7058823529411765,0,coco_val2017/000000260470.jpg
1.272484958069645,0.1859773172551799,0.18112889853545153,0.23884126286158897,0.6059474786522203,0.33788448512549885,0.18627602568314272,0.12501819244025406,2.0,1.0,1,simuletic/laying30.png
0.7076555380488012,0.27998977984073586,0.09900779287143888,0.3055401780011072,0.6845377507132819,0.2767959800706895,0.505986776287582,0.3659372813912729,1.8823529411764706,0.9411764705882353,0,coco_val2017/000000474095.jpg
0.3945188210655627,0.28412164978114623,0.2190814103293152,0.1917485924265406,0.6949516525370021,0.39776068525969444,0.4698898325649114,0.2960045296449082,1.6470588235294117,0.8235294117647058,0,simuletic/laying82.png
1.580597401323075,0.1579475773492153,0.17891975044933645,0.21864210528877753,0.5555094330873293,0.28247535935067536,0.14744316595470716,0.09190213981723405,2.0,1.0,1,simuletic/laying76.png
0.49057784011220196,0.3418653576437588,0.04675175315568019,0.31556802244039267,0.7041851332398317,0.3876428237494156,0.16975144518585858,0.22335054405315305,1.5294117647058822,0.8235294117647058,0,coco_val2017/000000406997.jpg
0.9036686566886158,0.6467788654080792,0.0,0.0,0.0,0.9625636822546554,0.5725887906334384,0.43786201636674726,0.8823529411764706,0.5882352941176471,0,coco_val2017/000000001584.jpg
1.8463156041548483,1.008636372527924,0.0,0.0,0.0,0.0,0.0,0.41937850623241907,0.5882352941176471,0.4117647058823529,0,coco_val2017/000000254016.jpg
0.5904594051591145,0.7427685394467765,0.0,0.0,0.0,1.1088934632081227,0.7470587788520693,0.0,0.6470588235294118,0.4117647058823529,0,coco_val2017/000000172946.jpg
0.2849333271527681,0.41071091951358957,0.27863146834778035,0.0,0.0,0.5382669695143621,0.3643482316193618,0.24571868594297347,1.6470588235294117,0.8235294117647058,0,coco_val2017/000000157767.jpg
0.1168120780945796,0.2902948106770501,0.0,0.0,0.0,0.0,0.1521057652991694,0.09127903580677244,0.5882352941176471,0.29411764705882354,0,coco_val2017/000000260470.jpg
0.20577055043773004,0.24593358148433117,0.22888810330844891,0.2288901827860842,0.7037118675788643,0.3564815238412112,0.6631936373834046,0.4737097409881459,1.8235294117647058,1.0,0,coco_val2017/000000133969.jpg
1.5412842470803436,0.1742982804268129,0.21745173228728615,0.1251934691098482,0.5169434818239472,0.18619095578210518,0.1281508184732154,0.08594584613910394,1.2941176470588236,0.6470588235294118,1,simuletic/laying96.png
0.7947734085483862,0.29333183757944276,0.21940267526267276,0.1669360549949023,0.6796705678370178,0.4483447499038443,0.41376078782315456,0.20688039391157717,1.8823529411764706,0.9411764705882353,0,coco_val2017/000000130586.jpg
0.919324680092415,0.21736610204522608,0.24025209592132735,0.26843323150924403,0.7260514294757975,0.3361049142227801,0.24056337913023873,0.19163213517426528,2.0,1.0,1,simuletic/laying90.png
0.9472843213938871,0.18977755870438737,0.22065607093129277,0.26040567803516607,0.6708393076708462,0.29357428620799775,0.192957952201646,0.16626089121216653,2.0,1.0,1,simuletic/laying14.png
0.36746040195417395,0.2816459065261365,0.20654092290949522,0.1971521345682956,0.6853389640039274,0.41339354365544084,0.4184908575843422,0.30903940252382184,2.0,1.0,0,coco_val2017/000000064462.jpg
0.3215979583232956,0.31587268128161883,0.0263227234401348,0.26322723440134904,0.6054226391231027,0.4050774662731872,0.3109074522747756,0.23775413462551384,1.7647058823529411,0.8823529411764706,0,coco_val2017/000000121242.jpg
0.35547357724914197,0.2946595596451284,0.19806424203702522,0.19403395709361324,0.686757758775767,0.4191689922664631,0.4923488167215766,0.324149700911947,1.6470588235294117,0.8235294117647058,0,simuletic/laying79.png
3.0465752557794747,0.07056394656372961,0.07864718817730428,0.005333456881919945,0.1545445916229538,0.03138420371052566,0.016985489545713377,0.008349275219113765,2.0,1.0,1,simuletic/laying61.png
0.7500021602191327,0.5580580494085321,0.0,0.0,0.0,0.8078333866187385,0.21602129105844659,0.0,0.9411764705882353,0.47058823529411764,0,coco_val2017/000000395801.jpg
0.8321131516230479,0.6532787821666239,0.0,0.0,0.0,0.0,0.5537463817583415,0.37065095933458686,0.6470588235294118,0.35294117647058826,0,coco_val2017/000000280891.jpg
0.8409460146975692,0.23962690785754664,0.2170965234595817,0.21240715093273035,0.6691305822498587,0.0,0.11194255843257092,0.06584921622160297,1.2941176470588236,0.6470588235294118,1,simuletic/laying21.png
1.0289664321038103,0.14073156518733276,0.18710459487768907,0.21367288322511704,0.5415090432901389,0.23859287266885493,0.1734138326308729,0.12479389209807082,2.0,1.0,1,simuletic/laying53.png
0.28764336985897804,0.26465404757701155,0.3134047618798884,0.0,0.0,0.41453114047138245,0.17432991937241227,0.18885741265344683,1.7647058823529411,0.8823529411764706,0,coco_val2017/000000270474.jpg
0.14711271067295034,0.35823424872728277,0.33811139412814173,0.3179851020751908,1.0143307449306154,0.536144483058509,1.1317849381966014,0.6936701170642806,1.1176470588235294,0.7647058823529411,0,coco_val2017/000000133969.jpg
0.538278666676272,0.5037785189934516,0.0,0.0,0.0,0.7254410673505703,0.690078828678114,0.43913863943575276,1.2941176470588236,0.7647058823529411,0,coco_val2017/000000236426.jpg
0.23046644281726608,0.49265544722682975,0.0,0.0,0.0,0.6821392451150938,0.9325247064192803,0.6308343133985135,1.1176470588235294,0.5882352941176471,0,coco_val2017/000000153669.jpg
1.830428663311405,0.05553246392321822,0.4719048646417269,0.13836837911774255,0.38906894944720255,0.05440791497186952,0.018309492588068882,0.0059090124620774275,1.7647058823529411,0.8823529411764706,1,simuletic/laying88.png
0.2685531099808455,0.27849627995912374,0.22750429684309154,0.20593089376003354,0.7119314705622488,0.3857120312162247,0.19398611990514855,0.20368852967832435,1.7647058823529411,0.8823529411764706,0,coco_val2017/000000258388.jpg
1.4559362942946406,0.19330143179658754,0.16862615541570714,0.19731045685235415,0.5592380440646488,0.3010198862733031,0.13373493251181176,0.08927976353800887,2.0,1.0,1,simuletic/laying38.png
1.0672217597537226,0.21320365018533646,0.08589479801470118,0.2086006706665829,0.5076991188666206,0.29245100887939524,0.2671146816585507,0.18525781711348585,1.7647058823529411,0.8823529411764706,0,coco_val2017/000000450559.jpg
0.1567510473934487,0.2992274920893068,0.17838613021266075,0.23017686365323742,0.707790485955205,0.41815305202496056,0.0,0.13217175561758226,1.3529411764705883,0.7058823529411765,0,coco_val2017/000000309391.jpg
1.9889310935277527,0.02417830339804575,0.5085948209953444,0.12338786169404123,0.36102865590325733,0.20926975386813854,0.01988461416798761,0.004726442383020065,1.6470588235294117,0.8235294117647058,1,simuletic/laying51.png
0.14292508693983552,0.4493947763109256,0.0,0.0,0.0,0.6286003216244151,0.0,0.0,0.47058823529411764,0.23529411764705882,0,coco_val2017/000000157767.jpg
0.3788914074444495,0.269411436792681,0.2020601146876422,0.2453569540142724,0.7168285054945956,0.3736502614424629,0.3549769031881171,0.2704436535153674,1.7647058823529411,0.8823529411764706,0,coco_val2017/000000463542.jpg
1.6319948156345094,0.16862265266225396,0.14546931537557642,0.11829633532601537,0.4323883033638457,0.20083364996545183,0.033869478729198675,0.030416757452030544,1.8823529411764706,0.9411764705882353,1,simuletic/laying68.png
0.326049061923555,0.25249332275120767,0.15913324418254893,0.28219756683590835,0.693824133769665,0.33524318956863347,0.24314486100768043,0.20840511731818734,1.7647058823529411,0.8823529411764706,0,coco_val2017/000000133969.jpg
0.5190840438489647,0.29308891595615133,0.19792691839220442,0.23218514007308177,0.7232009744214375,0.39966626065773464,0.5263182594657505,0.3728013365621075,1.411764705882353,0.7058823529411765,0,coco_val2017/000000156292.jpg
2.2271090053743503,0.1414184022485721,0.06600148056625199,0.19289655193315025,0.40031643474797435,0.2869748452080905,0.08955559647543736,0.051085774685342464,1.8823529411764706,0.9411764705882353,1,simuletic/laying12.png
1.8345983478907006,0.18190041370847546,0.2147476526600829,0.05363431798973997,0.4502823843582983,0.2157265264714966,0.10120242251610512,0.05482807549984697,1.8823529411764706,0.9411764705882353,1,simuletic/laying63.png
1.3029854705760489,0.13404273835681982,0.17053763629419075,0.19788056740904464,0.5024609420600552,0.2527389198550194,0.14233968936010993,0.10349496570468344,2.0,1.0,1,simuletic/laying56.png
0.9832994587951693,0.40011274521388923,0.11245257680507034,0.31587872451937316,0.603538892928192,0.4237023989753301,0.05739550926862903,0.06280955841087323,1.5294117647058822,0.7647058823529411,1,simuletic/laying48.png
0.4685554342826939,0.37004039759193286,0.41294181648441397,0.0,0.0,0.41115532994226955,0.6867352058923711,0.40632016144686856,1.411764705882353,0.8235294117647058,0,coco_val2017/000000406997.jpg
1.2127319696330663,0.0,0.0,0.0,0.0,0.0,0.0,0.4551038773034939,0.5294117647058824,0.35294117647058826,0,coco_val2017/000000150638.jpg
0.430102167954149,0.47476949912783456,0.30720693460538934,0.0,0.0,0.6578560155684502,0.6143022678364496,0.3879945373282561,1.0588235294117647,0.5882352941176471,0,coco_val2017/000000546964.jpg
